<?xml version="1.0" encoding="UTF-8"?>
<beans xmlns="http://www.springframework.org/schema/beans"
	xmlns:xsi="http://www.w3.org/2001/XMLSchema-instance"
	xmlns:tx="http://www.springframework.org/schema/tx"
	xsi:schemaLocation="http://www.springframework.org/schema/beans https://www.springframework.org/schema/beans/spring-beans.xsd
		http://www.springframework.org/schema/tx http://www.springframework.org/schema/tx/spring-tx-4.1.xsd">
	
	<!-- Root Context: defines shared resources visible to all other web components -->
	<!-- 커넥션 풀 -->
	<bean id="dataSource"
		class="org.springframework.jdbc.datasource.DriverManagerDataSource">
		<property name="driverClassName"
			value="oracle.jdbc.driver.OracleDriver"/>
		<property name="url"
			value="jdbc:oracle:thin:@116.125.139.207:1521:xe"/>
		<property name="username" value="teampl"/>
		<property name="password" value="122674"/>
    </bean>
    
    <bean id="sqlSessionFactory"
    	class="org.mybatis.spring.SqlSessionFactoryBean">
    	<property name="dataSource" ref="dataSource"/>
    	<property name="configLocation"
    		value="classpath:mybatis-config.xml"/>
    	<property name="mapperLocations"
    		value="classpath:mappers/*Mapper.xml"/>	
    </bean>
    
    <bean id="sqlSessionTemplate"
    	class="org.mybatis.spring.SqlSessionTemplate"
    	destroy-method="clearCache">
    	<constructor-arg name="sqlSessionFactory"
    		ref="sqlSessionFactory"/>	
    </bean>	
    
    <bean id="transactionManager"
    	class="org.springframework.jdbc.datasource.DataSourceTransactionManager">
    	<property name="dataSource" ref="dataSource"></property>
    </bean>
    
    <!-- @Transactional -->
    <tx:annotation-driven/>
    
</beans>
